<?xml version="1.0" encoding="utf-8"?>
<resources>
    <dimen name="emoji_drawer_size">32sp</dimen>
    <dimen name="min_keyboard_size">50dp</dimen>
    <dimen name="default_custom_keyboard_size">220dp</dimen>
    <dimen name="min_custom_keyboard_size">110dp</dimen>
    <dimen name="min_custom_keyboard_top_margin">170dp</dimen>
    <dimen name="emoji_drawer_item_padding">5dp</dimen>
    <dimen name="emoji_drawer_indicator_height">1.5dp</dimen>
    <dimen name="emoji_drawer_left_right_padding">5dp</dimen>
    <dimen name="conversation_item_body_text_size">16sp</dimen>
    <dimen name="quick_camera_shutter_ring_size">52dp</dimen>



    <!-- Height of the main row of in-call buttons. -->

    <!-- Padding at the left and right edges of the incall_touch_ui button
         cluster.  This padding is necessary because we can't allow the
         buttons to be very close to the edges of the screen, due to the
         risk of false touches (from your finger wrapping around while
         holding the phone, *before* moving it up to your face and having
         the prox sensor kick in.) -->

</resources>
