<resources>

    <!-- Base application theme. -->
    <style name="AppTheme" parent="Theme.AppCompat.Light.DarkActionBar">
        <!-- Customize your theme here. -->
        <item name="colorPrimary">@color/colorPrimary</item>
        <item name="colorPrimaryDark">@color/colorPrimaryDark</item>
        <item name="colorAccent">@color/colorAccent</item>
        <item name="android:windowContentOverlay">@null</item>
        <item name="android:windowNoTitle">true</item>
        <item name="android:windowIsFloating">true</item>
        <item name="android:backgroundDimEnabled">false</item>
    </style>


    <style name="ComposeEditText" parent="@style/Widget.AppCompat.EditText">
        <item name="android:padding">2dp</item>
        <item name="android:background">@null</item>
        <item name="android:maxLines">4</item>
        <item name="android:maxLength">2000</item>
        <item name="android:textColor">#9E9E9E</item>
        <item name="android:capitalize">sentences</item>
        <item name="android:autoText">true</item>
        <item name="android:gravity">center_vertical</item>
        <item name="android:imeOptions">flagNoEnterAction</item>
        <item name="android:inputType">textAutoCorrect|textCapSentences|textMultiLine</item>
        <item name="android:contentDescription">@string/conversation_activity__compose_description</item>
    </style>

</resources>
