<?xml version="1.0" encoding="utf-8"?>

<resources xmlns:tools="http://schemas.android.com/tools">







    <style name="TextSecure.LightTheme.Popup" parent="TextSecure.LightTheme">
        <item name="android:windowIsFloating">false</item>
        <item name="android:windowSoftInputMode">stateUnchanged</item>
        <item name="android:windowContentOverlay">@null</item>
        <item name="android:windowActionModeOverlay" tools:targetApi="honeycomb">true</item>
        <item name="android:windowIsTranslucent">true</item>
        <item name="android:windowFrame">@null</item>

        <item name="android:windowCloseOnTouchOutside" tools:targetApi="honeycomb">true</item>
        <item name="android:backgroundDimEnabled">false</item>
    </style>

    <style name="TextSecure.LightTheme" parent="@style/Theme.AppCompat.Light.DarkActionBar">
        <item name="theme_type">light</item>

        <item name="colorPrimary">@color/colorPrimary</item>
        <item name="colorPrimaryDark">@color/colorPrimaryDark</item>
        <item name="colorAccent">@color/colorAccent</item>
        <item name="colorControlActivated">@color/signal_primary</item>
        <item name="colorControlHighlight">@color/signal_primary</item>

        <!--<item name="android:windowContentOverlay">@drawable/compat_actionbar_shadow_background</item>-->

        <item name="conversation_list_item_contact_color">#FF333333</item>
        <item name="conversation_list_item_subject_color">#FF444444</item>
        <item name="conversation_list_item_date_color">#ff999999</item>


        <item name="conversation_group_member_name">#99000000</item>

        <item name="conversation_background">#555555</item>

        <item name="verification_background">@color/gray12</item>

        <item name="emoji_tab_strip_background">@color/gray12</item>
        <item name="emoji_tab_indicator">#66555555</item>
        <item name="emoji_tab_underline">#44555555</item>
        <item name="emoji_tab_seperator">@color/gray20</item>
        <item name="emoji_text_color">#000000</item>

        <item name="emoji_category_recent">@drawable/emoji_category_recent_light</item>
        <item name="emoji_category_people">@drawable/emoji_category_people_light</item>
        <item name="emoji_category_nature">@drawable/emoji_category_nature_light</item>
        <item name="emoji_category_foods">@drawable/emoji_category_foods_light</item>
        <item name="emoji_category_activity">@drawable/emoji_category_activity_light</item>
        <item name="emoji_category_places">@drawable/emoji_category_places_light</item>
        <item name="emoji_category_objects">@drawable/emoji_category_objects_light</item>
        <item name="emoji_category_symbol">@drawable/emoji_category_symbol_light</item>
        <item name="emoji_category_flags">@drawable/emoji_category_flags_light</item>
        <item name="emoji_category_emoticons">@drawable/emoji_category_emoticons_light</item>



        <item name="quick_camera_icon">@drawable/quick_camera_dark</item>
        <item name="quick_mic_icon">@drawable/ic_mic_grey_24</item>





        <item name="conversation_icon_attach_audio">@drawable/quick_camera_dark</item>
        <item name="conversation_icon_attach_video">@drawable/quick_camera_dark</item>


    </style>

    


</resources>
